Recipients Name,Recipients Email,Sender Name,Sender Email,Sender Mobile,Sl.No
Raghu,raghu@gmail.com,Goutham,goutham@gmail.com,9481573202,1
,raghu@gmail.com,Goutham,goutham@gmail.com,9481573202,2
Raghu,,Goutham,goutham@gmail.com,9481573201,3
Raghu,raghu@gmail.com,,goutham@gmail.com,9481573202,4
Raghu,raghu@gmail.com,Goutham,,9481573203,5
Raghu,raghu@gmail.com,Goutham,goutham@gmail.com,,6
Raghu,raghu,Goutham,goutham@gmail.com,9481573205,7
Raghu,raghu@gmail,Goutham,goutham@gmail.com,9481573206,8
Raghu, @gmail.com,Goutham,goutham@gmail.com,9481573207,9
Raghu,raghugmail.com,Goutham,goutham@gmail.com,9481573208,10
Raghu,raghu@gmail.com,Goutham,goutham@gmail.com,94815,11
Raghu,raghu@gmail.com,Goutham,goutham@gmail.com,94815732101,12
